Thread_ID,Block_ID,Thickness,Density,R,G,B
1,3,163.0,1.0061349693251531,50.92698170731708,64.30411585365853,184.58948170731708
2,4,163.0,1.0061349693251531,53.23185975609756,67.29375,192.37301829268293
3,5,163.0,1.0061349693251531,55.59115853658537,71.00396341463414,201.7516768292683
4,6,163.0,1.0061349693251531,58.57942073170732,73.73490853658537,211.42057926829267
5,7,163.0,1.0061349693251531,59.74923780487805,74.32743902439024,214.08841463414635
6,8,163.0,1.0061349693251531,61.93704268292683,77.65868902439024,220.7878048780488
7,9,163.0,1.0061349693251531,64.36143292682927,80.90868902439024,226.46509146341464
8,10,163.0,1.0061349693251531,64.93338414634147,81.81265243902439,228.950762195122
9,11,163.0,1.0061349693251531,66.93567073170732,85.10121951219512,232.600762195122
10,12,163.0,1.0061349693251531,67.19771341463415,86.67118902439024,234.7172256097561
11,13,163.0,1.0061349693251531,68.10228658536586,86.7733231707317,235.2217987804878
12,14,163.0,1.0061349693251531,67.88460365853659,87.2954268292683,235.3673780487805
13,15,163.0,1.0061349693251531,68.40396341463415,87.93048780487806,235.66356707317075
14,16,163.0,1.0061349693251531,68.02987804878049,87.73521341463415,235.59939024390243
15,17,163.0,1.0061349693251531,67.88307926829269,86.59344512195122,234.9626524390244
16,18,163.0,1.0061349693251531,68.67301829268293,88.77804878048781,237.42408536585367
17,19,163.0,1.0061349693251531,67.90746951219512,87.8170731707317,234.96493902439025
18,20,163.0,1.0061349693251531,66.40716463414634,85.62439024390244,232.37073170731708
19,21,163.0,1.0061349693251531,66.58871951219513,86.12225609756098,233.02621951219515
20,22,163.0,1.0061349693251531,64.70868902439024,83.55548780487806,229.04740853658527
21,23,163.0,1.0061349693251531,63.86631097560976,83.67789634146341,228.702743902439
22,24,163.0,1.0061349693251531,63.38765243902439,81.9157012195122,226.57286585365853
23,25,163.0,1.0061349693251531,61.8827743902439,79.35198170731708,222.859756097561
24,26,163.0,1.0061349693251531,59.89573170731708,77.5060975609756,217.4565548780488
25,27,163.0,1.0061349693251531,58.57759146341464,76.67408536585366,213.49024390243903
26,28,163.0,1.0061349693251531,56.99390243902439,73.91768292682927,207.57896341463416
27,29,163.0,1.0061349693251531,55.95518292682927,72.58323170731707,203.44298780487804
28,30,163.0,1.0061349693251531,55.420274390243904,71.03064024390244,200.06371951219512
29,31,163.0,1.0061349693251531,54.28231707317073,70.77850609756098,197.4905487804878
30,32,163.0,1.0061349693251531,51.891615853658536,67.26356707317073,188.9592987804878
31,33,163.0,1.0061349693251531,51.96143292682927,67.58399390243902,189.1178353658537
32,34,163.0,1.0061349693251531,50.81859756097561,65.97682926829269,185.01615853658527
33,35,163.0,1.0061349693251531,49.701067073170734,64.37301829268293,180.62012195121952
34,36,163.0,1.0061349693251531,50.234756097560975,64.43246951219513,181.8135670731708
35,37,163.0,1.0061349693251531,52.27362804878049,67.42103658536585,189.27164634146345
36,38,163.0,1.0061349693251531,53.86981707317073,69.73551829268293,195.26509146341465
37,39,163.0,1.0061349693251531,54.09939024390244,69.8640243902439,195.9496951219512
38,40,163.0,1.0061349693251531,55.33917682926829,71.54481707317073,200.59298780487805
39,41,163.0,1.0061349693251531,57.042073170731705,73.29878048780488,205.89878048780488
40,42,163.0,1.0061349693251531,57.646646341463416,73.76219512195122,207.85213414634143
41,43,163.0,1.0061349693251531,59.4672256097561,75.9922256097561,214.1131097560976
42,44,163.0,1.0061349693251531,60.04405487804878,76.90243902439025,216.73689024390245
43,45,163.0,1.0061349693251531,61.2734756097561,77.21432926829269,219.6766768292683
44,46,163.0,1.0061349693251531,62.69466463414634,79.03993902439025,223.91737804878048
45,47,163.0,1.0061349693251531,64.18704268292683,81.5780487804878,227.65548780487805
46,48,163.0,1.0061349693251531,64.16067073170731,81.21814024390244,227.0885670731708
47,49,163.0,1.0061349693251531,65.33216463414634,82.58155487804878,229.80137195121952
48,50,163.0,1.0061349693251531,65.90381097560976,82.8079268292683,231.41875
49,51,163.0,1.0061349693251531,65.76646341463415,82.24740853658537,230.11844512195125
50,52,163.0,1.0061349693251531,66.51082317073171,83.33628048780488,233.0422256097561
51,53,163.0,1.0061349693251531,65.37378048780488,81.9939024390244,230.6033536585365
53,3,163.0,1.0061349693251531,53.35899390243903,68.39939024390245,192.46067073170727
54,4,163.0,1.0061349693251531,54.66814024390244,70.46067073170731,197.28932926829268
55,5,163.0,1.0061349693251531,56.10198170731707,71.42301829268293,201.5545731707317
56,6,163.0,1.0061349693251531,57.84618902439024,73.13368902439025,206.48887195121952
57,7,163.0,1.0061349693251531,59.3780487804878,75.0967987804878,212.088262195122
58,8,163.0,1.0061349693251531,60.45396341463415,76.96753048780488,214.90899390243905
59,9,163.0,1.0061349693251531,61.646189024390246,78.49039634146341,219.23689024390245
60,10,163.0,1.0061349693251531,62.63353658536585,79.93551829268293,221.76509146341465
61,11,163.0,1.0061349693251531,63.165701219512194,80.62942073170731,222.8065548780488
62,12,163.0,1.0061349693251531,64.11783536585367,82.51753048780488,224.50731707317075
63,13,163.0,1.0061349693251531,64.8986280487805,83.00289634146341,226.25228658536585
64,14,163.0,1.0061349693251531,64.83246951219512,83.83506097560975,226.96128048780488
65,15,163.0,1.0061349693251531,65.03399390243902,84.19100609756097,227.55868902439025
66,16,163.0,1.0061349693251531,64.73262195121951,84.06539634146341,226.18414634146345
67,17,163.0,1.0061349693251531,64.47896341463415,83.00853658536586,226.32698170731703
68,18,163.0,1.0061349693251531,64.84420731707317,83.87560975609756,226.5167682926829
69,19,163.0,1.0061349693251531,64.75625,83.65442073170732,226.31448170731707
70,20,163.0,1.0061349693251531,64.07454268292683,83.92698170731707,225.93368902439025
71,21,163.0,1.0061349693251531,64.71006097560975,83.69100609756097,226.2894817073171
72,22,163.0,1.0061349693251531,64.52835365853659,83.2657012195122,227.03384146341463
73,23,163.0,1.0061349693251531,63.709298780487806,82.75289634146341,225.06463414634143
74,24,163.0,1.0061349693251531,62.95381097560976,80.97454268292682,222.37454268292683
75,25,163.0,1.0061349693251531,62.62179878048781,80.66265243902438,222.56935975609755
76,26,163.0,1.0061349693251531,62.3344512195122,80.3844512195122,221.2028963414634
77,27,163.0,1.0061349693251531,61.42530487804878,79.9265243902439,218.92393292682928
78,28,163.0,1.0061349693251531,60.99344512195122,78.90365853658537,218.56371951219512
79,29,163.0,1.0061349693251531,59.8202743902439,77.03612804878048,215.22286585365853
80,30,163.0,1.0061349693251531,59.41615853658536,76.90899390243902,214.3092987804878
81,31,163.0,1.0061349693251531,58.88292682926829,76.26112804878049,211.72423780487804
82,32,163.0,1.0061349693251531,58.05381097560976,75.1734756097561,210.09496951219512
83,33,163.0,1.0061349693251531,58.38201219512195,75.83064024390244,210.575762195122
84,34,163.0,1.0061349693251531,57.65167682926829,74.37896341463414,208.72134146341463
85,35,163.0,1.0061349693251531,57.72469512195122,74.40914634146341,207.7986280487805
86,36,163.0,1.0061349693251531,56.03185975609756,71.58460365853658,201.93079268292684
87,37,163.0,1.0061349693251531,56.49740853658537,73.12606707317073,204.44253048780487
88,38,163.0,1.0061349693251531,56.4047256097561,72.2016768292683,202.6748475609756
89,39,163.0,1.0061349693251531,56.1202743902439,72.27713414634147,202.2324695121951
90,40,163.0,1.0061349693251531,56.90670731707317,72.89298780487805,205.11021341463416
91,41,163.0,1.0061349693251531,57.45640243902439,73.48460365853659,206.53368902439024
92,42,163.0,1.0061349693251531,58.46646341463415,75.14908536585367,210.25975609756097
93,43,163.0,1.0061349693251531,58.96432926829268,75.26585365853659,211.67942073170727
94,44,163.0,1.0061349693251531,59.4452743902439,75.48658536585366,212.79435975609755
95,45,163.0,1.0061349693251531,59.88094512195122,76.48658536585366,213.8221036585365
96,46,163.0,1.0061349693251531,60.25182926829268,77.3689024390244,216.1685975609756
97,47,163.0,1.0061349693251531,60.55548780487805,76.84573170731707,215.85564024390243
98,48,163.0,1.0061349693251531,60.70884146341464,76.50198170731707,215.6240853658537
99,49,163.0,1.0061349693251531,61.485975609756096,77.6202743902439,217.32728658536584
100,50,163.0,1.0061349693251531,62.11692073170732,78.25335365853658,219.6321646341464
101,51,163.0,1.0061349693251531,62.91966463414634,79.5952743902439,221.72606707317075
102,52,163.0,1.0061349693251531,62.482317073170734,78.64024390243902,220.7634146341464
103,53,163.0,1.0061349693251531,62.45564024390244,78.81326219512195,220.90548780487805
104,54,163.0,1.0061349693251531,62.23521341463415,78.48307926829268,220.0265243902439
106,3,165.0,1.006060606060606,57.68117469879518,73.61581325301205,207.52771084337348
107,4,165.0,1.006060606060606,60.00828313253012,76.19201807228916,214.99457831325304
108,5,165.0,1.006060606060606,60.57349397590362,76.78900602409638,216.5893072289157
109,6,165.0,1.006060606060606,61.9953313253012,78.25873493975904,220.77138554216867
110,7,165.0,1.006060606060606,62.57018072289157,79.23027108433735,223.28930722891567
111,8,165.0,1.006060606060606,63.66355421686747,80.582078313253,226.54442771084337
112,9,165.0,1.006060606060606,64.56280120481928,81.05512048192772,228.92274096385543
113,10,165.0,1.006060606060606,64.61777108433735,81.62063253012049,229.4534638554217
114,11,165.0,1.006060606060606,65.26069277108434,82.29668674698796,231.31611445783133
115,12,165.0,1.006060606060606,66.05045180722891,83.73900602409638,233.84337349397592
116,13,165.0,1.006060606060606,65.84683734939759,83.76686746987951,233.91686746987952
117,14,165.0,1.006060606060606,66.60903614457831,84.66385542168675,235.94939759036143
118,15,165.0,1.006060606060606,66.62123493975903,84.55602409638554,235.5605421686747
119,16,165.0,1.006060606060606,66.98704819277108,85.58117469879518,237.08207831325305
120,17,165.0,1.006060606060606,67.2171686746988,86.03885542168675,238.0465361445783
121,18,165.0,1.006060606060606,66.6058734939759,85.02379518072289,236.1051204819277
122,19,165.0,1.006060606060606,66.51506024096386,85.3237951807229,236.6292168674699
123,20,165.0,1.006060606060606,66.4460843373494,85.3882530120482,236.3201807228916
124,21,165.0,1.006060606060606,66.18012048192772,84.42048192771084,235.2496987951808
125,22,165.0,1.006060606060606,64.92003012048193,82.84096385542169,231.91039156626505
126,23,165.0,1.006060606060606,64.1085843373494,82.78734939759036,230.4109939759036
127,24,165.0,1.006060606060606,63.5066265060241,82.32409638554216,228.1099397590361
128,25,165.0,1.006060606060606,63.05406626506024,81.21566265060241,226.585843373494
129,26,165.0,1.006060606060606,62.12198795180723,80.14819277108434,223.8058734939759
130,27,165.0,1.006060606060606,61.064156626506026,78.85316265060241,220.6465361445783
131,28,165.0,1.006060606060606,60.88463855421687,78.79262048192771,220.0737951807229
132,29,165.0,1.006060606060606,59.7730421686747,77.56415662650602,216.10948795180724
133,30,165.0,1.006060606060606,58.99623493975904,75.63253012048193,212.4343373493976
134,31,165.0,1.006060606060606,57.81234939759036,74.09156626506024,208.29593373493967
135,32,165.0,1.006060606060606,57.209487951807226,73.91340361445783,206.86204819277108
136,33,165.0,1.006060606060606,57.26310240963856,74.42138554216868,207.4451807228916
137,34,165.0,1.006060606060606,56.28192771084338,73.07349397590362,203.6192771084337
138,35,165.0,1.006060606060606,56.16716867469879,72.95481927710843,203.1736445783133
139,36,165.0,1.006060606060606,55.84141566265061,71.95331325301204,201.5621987951808
140,37,165.0,1.006060606060606,55.97123493975904,72.33042168674699,202.4371987951808
141,38,165.0,1.006060606060606,55.52801204819277,71.70406626506023,200.5352409638554
142,39,165.0,1.006060606060606,55.71762048192771,71.74021084337349,201.65105421686744
143,40,165.0,1.006060606060606,55.73087349397591,71.98102409638554,201.45572289156627
144,41,165.0,1.006060606060606,55.97861445783133,71.74201807228916,202.07981927710844
145,42,165.0,1.006060606060606,56.32861445783133,73.0085843373494,203.54186746987952
146,43,165.0,1.006060606060606,56.88915662650602,73.73388554216868,205.64457831325305
147,44,165.0,1.006060606060606,57.30406626506024,74.04503012048193,206.79472891566263
148,45,165.0,1.006060606060606,57.00632530120482,72.94186746987951,205.0198795180723
149,46,165.0,1.006060606060606,57.3375,73.08689759036145,205.9441265060241
150,47,165.0,1.006060606060606,57.96822289156626,74.36822289156626,208.05105421686747
151,48,165.0,1.006060606060606,58.3960843373494,74.50662650602409,209.23719879518072
152,49,165.0,1.006060606060606,58.23599397590361,74.19503012048193,208.9149096385542
153,50,165.0,1.006060606060606,58.58057228915663,74.91009036144578,209.7234939759036
154,51,165.0,1.006060606060606,57.83072289156627,73.33057228915662,206.1948795180723
155,52,165.0,1.006060606060606,59.34623493975904,76.8644578313253,213.4621987951807
156,53,165.0,1.006060606060606,58.46460843373494,73.82484939759036,208.398343373494
157,54,165.0,1.006060606060606,57.64653614457831,73.16746987951807,205.85225903614457
159,3,157.0,1.0063694267515924,59.49034810126582,75.53180379746836,213.76582278481013
160,4,157.0,1.0063694267515924,61.43433544303797,77.74161392405064,219.2512658227848
161,5,157.0,1.0063694267515924,63.008227848101264,79.49572784810127,224.23575949367088
162,6,157.0,1.0063694267515924,64.01677215189873,80.4625,226.5248417721519
163,7,157.0,1.0063694267515924,64.80648734177215,81.73512658227848,229.13164556962025
164,8,157.0,1.0063694267515924,65.85696202531645,82.92863924050633,231.83069620253164
165,9,157.0,1.0063694267515924,66.25268987341772,83.95158227848101,233.83101265822785
166,10,157.0,1.0063694267515924,66.60696202531645,84.0865506329114,234.3246835443038
167,11,157.0,1.0063694267515924,67.30443037974683,85.6243670886076,235.9068037974684
168,12,157.0,1.0063694267515924,67.26534810126583,85.74699367088607,234.69636075949367
169,13,157.0,1.0063694267515924,67.56677215189873,86.53212025316456,236.10332278481013
170,14,157.0,1.0063694267515924,67.0,85.79224683544304,235.6631329113924
171,15,157.0,1.0063694267515924,67.06012658227849,86.52832278481013,235.09145569620253
172,16,157.0,1.0063694267515924,66.55712025316456,85.62262658227849,233.55268987341773
173,17,157.0,1.0063694267515924,65.125,83.46835443037975,229.39462025316456
174,18,157.0,1.0063694267515924,65.48481012658227,84.59493670886076,232.0868670886076
175,19,157.0,1.0063694267515924,65.21598101265823,85.15,231.3136075949367
176,20,157.0,1.0063694267515924,64.53876582278481,84.28496835443038,229.6740506329114
177,21,157.0,1.0063694267515924,63.10363924050633,81.81487341772151,226.29952531645569
178,22,157.0,1.0063694267515924,61.85870253164557,79.95458860759494,222.375
179,23,157.0,1.0063694267515924,60.79240506329114,79.40981012658227,218.81075949367087
180,24,157.0,1.0063694267515924,60.26867088607595,78.61424050632911,217.39477848101265
181,25,157.0,1.0063694267515924,58.84240506329114,76.44050632911393,212.8134493670886
182,26,157.0,1.0063694267515924,58.09477848101266,76.26439873417722,210.3363924050633
183,27,157.0,1.0063694267515924,56.67958860759494,74.22768987341772,205.3662974683544
184,28,157.0,1.0063694267515924,55.55506329113924,73.34398734177215,202.043670886076
185,29,157.0,1.0063694267515924,55.52341772151899,73.21424050632912,201.8482594936709
186,30,157.0,1.0063694267515924,54.22674050632912,71.50189873417722,197.5238924050633
187,31,157.0,1.0063694267515924,54.09272151898734,71.58085443037974,197.09272151898733
188,32,157.0,1.0063694267515924,54.89224683544304,72.42104430379747,199.69113924050632
189,33,157.0,1.0063694267515924,55.02104430379747,72.29335443037975,199.523417721519
190,34,157.0,1.0063694267515924,55.12120253164557,72.22563291139241,199.42072784810128
191,35,157.0,1.0063694267515924,54.624208860759495,72.21091772151898,199.30284810126585
192,36,157.0,1.0063694267515924,55.07705696202532,72.75996835443038,200.72848101265825
193,37,157.0,1.0063694267515924,55.45553797468354,73.23291139240506,201.8125
194,38,157.0,1.0063694267515924,55.94762658227848,73.84382911392404,203.3234177215189
195,39,157.0,1.0063694267515924,56.19889240506329,74.18987341772151,204.5330696202532
196,40,157.0,1.0063694267515924,56.8251582278481,74.69778481012658,206.13354430379744
197,41,157.0,1.0063694267515924,56.79351265822785,74.66708860759493,205.6617088607595
198,42,157.0,1.0063694267515924,58.27389240506329,76.68212025316456,210.55458860759487
199,43,157.0,1.0063694267515924,58.44113924050633,76.20664556962025,211.0237341772152
200,44,157.0,1.0063694267515924,59.65427215189873,77.79541139240506,214.54572784810128
201,45,157.0,1.0063694267515924,59.692879746835445,77.66091772151898,213.71044303797467
202,46,157.0,1.0063694267515924,60.38512658227848,78.39746835443037,215.984335443038
203,47,157.0,1.0063694267515924,60.7501582278481,78.79034810126582,216.61518987341773
204,48,157.0,1.0063694267515924,59.84462025316456,78.16708860759493,214.6115506329114
205,49,157.0,1.0063694267515924,59.11044303797468,75.61424050632911,210.8069620253165
206,50,157.0,1.0063694267515924,57.300949367088606,73.81471518987341,205.9501582278481
207,51,157.0,1.0063694267515924,56.81392405063291,73.30791139240506,204.50886075949367
1,3,163.0,1.0061349693251531,51.16768292682927,64.51920731707317,185.0010670731708
2,4,163.0,1.0061349693251531,53.047103658536585,66.69390243902438,191.1294207317073
3,5,163.0,1.0061349693251531,55.75060975609756,70.42103658536585,201.1111280487805
4,6,163.0,1.0061349693251531,58.672865853658536,73.94893292682927,211.0640243902439
5,7,163.0,1.0061349693251531,59.90213414634146,74.04268292682927,213.79314024390243
6,8,163.0,1.0061349693251531,61.68064024390244,77.32301829268293,219.96814024390244
7,9,163.0,1.0061349693251531,64.4592987804878,80.4092987804878,225.9346036585366
8,10,163.0,1.0061349693251531,65.05853658536586,81.58536585365853,228.0379573170732
9,11,163.0,1.0061349693251531,66.84390243902439,84.56021341463415,231.6503048780488
10,12,163.0,1.0061349693251531,67.30320121951219,86.20228658536585,233.5532012195122
11,13,163.0,1.0061349693251531,67.9920731707317,86.05015243902439,234.0282012195122
12,14,163.0,1.0061349693251531,67.82423780487805,86.41661585365854,234.2378048780488
13,15,163.0,1.0061349693251531,68.3391768292683,87.75716463414633,235.3378048780488
14,16,163.0,1.0061349693251531,68.15076219512196,87.44481707317073,234.60228658536585
15,17,163.0,1.0061349693251531,67.69725609756098,86.04557926829268,234.0934451219512
16,18,163.0,1.0061349693251531,68.21509146341464,87.9560975609756,236.07103658536585
17,19,163.0,1.0061349693251531,67.6609756097561,87.30289634146341,234.4280487804878
18,20,163.0,1.0061349693251531,66.21021341463414,85.18704268292683,231.4996951219512
19,21,163.0,1.0061349693251531,66.58734756097562,85.7423780487805,232.25685975609755
20,22,163.0,1.0061349693251531,64.46554878048781,83.0984756097561,227.6416158536585
21,23,163.0,1.0061349693251531,63.917835365853655,83.00167682926829,227.54115853658536
22,24,163.0,1.0061349693251531,63.015548780487805,81.29405487804878,225.5905487804878
23,25,163.0,1.0061349693251531,61.917225609756095,79.07103658536586,222.24588414634147
24,26,163.0,1.0061349693251531,59.91219512195122,77.19481707317073,216.64878048780488
25,27,163.0,1.0061349693251531,58.64146341463415,76.30426829268292,212.57682926829267
26,28,163.0,1.0061349693251531,56.84405487804878,73.41036585365853,206.5748475609756
27,29,163.0,1.0061349693251531,55.88536585365853,72.23689024390244,202.61615853658537
28,30,163.0,1.0061349693251531,54.82560975609756,70.40518292682927,198.6001524390244
29,31,163.0,1.0061349693251531,54.37012195121951,70.4435975609756,197.1013719512195
30,32,163.0,1.0061349693251531,52.24314024390244,67.26814024390244,189.4388719512195
31,33,163.0,1.0061349693251531,51.91661585365853,67.35365853658537,188.50838414634143
32,34,163.0,1.0061349693251531,50.36646341463415,65.16265243902438,182.3657012195122
33,35,163.0,1.0061349693251531,49.676067073170735,64.08216463414634,180.12240853658537
34,36,163.0,1.0061349693251531,51.12149390243903,65.27942073170732,184.8330792682927
35,37,163.0,1.0061349693251531,53.0577743902439,68.31890243902438,191.99512195121952
36,38,163.0,1.0061349693251531,53.8765243902439,69.58704268292684,195.0137195121951
37,39,163.0,1.0061349693251531,54.12743902439024,69.69878048780488,195.58353658536583
38,40,163.0,1.0061349693251531,55.43506097560976,71.54268292682927,200.46753048780488
39,41,163.0,1.0061349693251531,56.95076219512195,73.05182926829268,205.1092987804878
40,42,163.0,1.0061349693251531,57.989939024390246,74.07057926829269,208.68551829268293
41,43,163.0,1.0061349693251531,59.81646341463415,76.13064024390243,214.84756097560967
42,44,163.0,1.0061349693251531,60.25914634146341,76.87362804878049,216.47682926829268
43,45,163.0,1.0061349693251531,61.76265243902439,77.32789634146341,220.46615853658537
44,46,163.0,1.0061349693251531,62.74161585365854,78.70396341463415,223.1185975609756
45,47,163.0,1.0061349693251531,64.2047256097561,81.32896341463415,227.18003048780488
46,48,163.0,1.0061349693251531,64.36692073170731,81.39390243902439,227.6157012195122
47,49,163.0,1.0061349693251531,65.42591463414634,82.3704268292683,229.45762195121952
48,50,163.0,1.0061349693251531,65.71661585365854,82.27057926829268,230.6295731707317
49,51,163.0,1.0061349693251531,65.83246951219512,81.97256097560975,230.0641768292683
50,52,163.0,1.0061349693251531,65.90381097560976,82.7875,232.00625
52,3,163.0,1.0061349693251531,52.61783536585366,67.91692073170732,191.19481707317075
53,4,163.0,1.0061349693251531,54.5922256097561,70.44939024390244,198.4234756097561
54,5,163.0,1.0061349693251531,55.990548780487806,71.62240853658537,202.5935975609756
55,6,163.0,1.0061349693251531,57.81692073170732,73.97317073170731,208.42057926829267
56,7,163.0,1.0061349693251531,58.77317073170732,75.26631097560976,212.24588414634147
57,8,163.0,1.0061349693251531,61.05198170731708,77.87515243902439,218.4230182926829
58,9,163.0,1.0061349693251531,62.02789634146342,78.74771341463415,220.6998475609756
59,10,163.0,1.0061349693251531,62.85198170731707,79.8859756097561,222.9120426829268
60,11,163.0,1.0061349693251531,63.54009146341463,81.69039634146341,224.21463414634147
61,12,163.0,1.0061349693251531,64.0548780487805,82.47789634146342,225.1486280487805
62,13,163.0,1.0061349693251531,64.87118902439025,83.39939024390245,228.11204268292684
63,14,163.0,1.0061349693251531,65.10457317073171,83.97926829268293,227.7978658536585
64,15,163.0,1.0061349693251531,65.33445121951219,84.96493902439025,228.5684451219512
65,16,163.0,1.0061349693251531,65.86280487804878,85.64801829268292,230.11006097560977
66,17,163.0,1.0061349693251531,65.05274390243902,83.99832317073171,228.22149390243905
67,18,163.0,1.0061349693251531,63.95990853658537,82.59710365853658,223.91356707317075
68,19,163.0,1.0061349693251531,64.91631097560976,84.27942073170732,226.4795731707317
69,20,163.0,1.0061349693251531,65.70426829268293,84.55899390243903,229.53048780487805
70,21,163.0,1.0061349693251531,64.93399390243903,83.76112804878049,228.36524390243903
71,22,163.0,1.0061349693251531,64.66814024390244,83.1608231707317,227.1346036585365
72,23,163.0,1.0061349693251531,64.28567073170731,82.64253048780488,227.05884146341464
73,24,163.0,1.0061349693251531,64.37301829268293,83.6295731707317,227.43948170731707
74,25,163.0,1.0061349693251531,63.14725609756098,81.08689024390245,224.1865853658537
75,26,163.0,1.0061349693251531,62.4,80.27164634146341,223.18048780487808
76,27,163.0,1.0061349693251531,61.47408536585366,79.4858231707317,221.1591463414634
77,28,163.0,1.0061349693251531,61.14771341463415,79.06112804878049,220.32408536585365
78,29,163.0,1.0061349693251531,60.50853658536585,78.57835365853659,219.11509146341464
79,30,163.0,1.0061349693251531,59.35899390243903,77.08673780487806,215.5344512195122
80,31,163.0,1.0061349693251531,59.46996951219512,76.39893292682927,214.71204268292684
81,32,163.0,1.0061349693251531,59.0015243902439,76.50990853658537,213.9501524390244
82,33,163.0,1.0061349693251531,58.43917682926829,75.14695121951219,211.6141768292683
83,34,163.0,1.0061349693251531,58.61204268292683,75.97042682926829,212.1626524390244
84,35,163.0,1.0061349693251531,57.19939024390244,74.12637195121951,207.88658536585365
85,36,163.0,1.0061349693251531,57.15868902439024,73.39923780487806,206.89878048780488
86,37,163.0,1.0061349693251531,56.90838414634146,73.21387195121952,206.5939024390244
87,38,163.0,1.0061349693251531,57.02210365853659,73.51051829268293,206.6865853658537
88,39,163.0,1.0061349693251531,57.73689024390244,73.3907012195122,208.1878048780488
89,40,163.0,1.0061349693251531,58.18978658536585,74.57408536585366,210.03368902439024
90,41,163.0,1.0061349693251531,58.90823170731707,75.27057926829268,212.29237804878048
91,42,163.0,1.0061349693251531,58.677286585365856,74.23414634146341,210.7728658536585
92,43,163.0,1.0061349693251531,60.2422256097561,77.56798780487804,216.51814024390245
93,44,163.0,1.0061349693251531,60.47149390243902,76.75533536585365,217.65823170731707
94,45,163.0,1.0061349693251531,61.40838414634146,77.67667682926829,219.29435975609755
95,46,163.0,1.0061349693251531,61.36615853658537,77.28353658536585,218.65807926829268
96,47,163.0,1.0061349693251531,61.30411585365854,77.06890243902438,218.23567073170733
97,48,163.0,1.0061349693251531,63.15,80.26021341463415,223.87743902439024
98,49,163.0,1.0061349693251531,62.64024390243903,79.55381097560975,222.66798780487804
99,50,163.0,1.0061349693251531,60.60121951219512,77.10411585365854,216.0240853658537
100,51,163.0,1.0061349693251531,59.11890243902439,74.78399390243902,210.7294207317073
101,52,163.0,1.0061349693251531,61.39725609756098,77.74740853658537,219.2966463414634
102,53,163.0,1.0061349693251531,61.41509146341463,77.23826219512195,218.61829268292684
104,3,165.0,1.006060606060606,57.48192771084337,73.1625,205.91506024096387
105,4,165.0,1.006060606060606,59.60602409638554,75.64231927710843,213.3090361445783
106,5,165.0,1.006060606060606,60.2125,76.1375,214.89186746987951
107,6,165.0,1.006060606060606,61.54683734939759,77.65015060240964,219.125
108,7,165.0,1.006060606060606,62.11355421686747,78.43253012048193,221.1899096385542
109,8,165.0,1.006060606060606,63.17364457831325,79.84894578313254,224.47515060240963
110,9,165.0,1.006060606060606,63.84668674698795,80.20737951807229,226.695030120482
111,10,165.0,1.006060606060606,63.96897590361446,80.73343373493977,226.7530120481928
112,11,165.0,1.006060606060606,64.65843373493976,81.22786144578313,228.78012048192767
113,12,165.0,1.006060606060606,65.24759036144579,82.60632530120482,231.08975903614456
114,13,165.0,1.006060606060606,65.08960843373494,82.56957831325302,230.99593373493977
115,14,165.0,1.006060606060606,65.667921686747,83.54849397590361,233.2323795180723
116,15,165.0,1.006060606060606,65.78659638554217,83.28509036144578,232.7917168674699
117,16,165.0,1.006060606060606,65.96746987951808,84.30798192771084,234.469578313253
118,17,165.0,1.006060606060606,66.36551204819277,84.76310240963855,235.51731927710844
119,18,165.0,1.006060606060606,65.88027108433735,83.85481927710843,233.66807228915664
120,19,165.0,1.006060606060606,65.78689759036145,84.22243975903615,234.0209337349397
121,20,165.0,1.006060606060606,65.75466867469879,84.16295180722892,233.6998493975904
122,21,165.0,1.006060606060606,65.46927710843373,83.4019578313253,232.8661144578313
123,22,165.0,1.006060606060606,64.37349397590361,81.83222891566265,229.39503012048192
124,23,165.0,1.006060606060606,63.52861445783133,81.84186746987952,227.88192771084337
125,24,165.0,1.006060606060606,62.90813253012048,81.41566265060241,225.8414156626506
126,25,165.0,1.006060606060606,62.48870481927711,80.30963855421686,224.1396084337349
127,26,165.0,1.006060606060606,61.51882530120482,79.29111445783133,220.992921686747
128,27,165.0,1.006060606060606,60.66460843373494,78.04397590361445,218.0344879518072
129,28,165.0,1.006060606060606,60.48719879518072,78.15135542168674,217.96596385542168
130,29,165.0,1.006060606060606,59.53463855421687,76.92123493975903,214.2894578313253
131,30,165.0,1.006060606060606,58.62484939759036,74.98509036144578,210.69292168674696
132,31,165.0,1.006060606060606,57.53734939759036,73.5144578313253,206.6335843373494
133,32,165.0,1.006060606060606,56.98584337349398,73.39051204819278,205.1394578313253
134,33,165.0,1.006060606060606,56.952259036144575,73.86219879518072,205.5246987951807
135,34,165.0,1.006060606060606,56.00015060240964,72.59683734939759,201.8347891566265
136,35,165.0,1.006060606060606,55.84427710843374,72.4703313253012,201.4028614457832
137,36,165.0,1.006060606060606,55.59292168674699,71.41957831325301,200.0060240963856
138,37,165.0,1.006060606060606,55.63253012048193,71.8644578313253,200.98765060240964
139,38,165.0,1.006060606060606,55.16039156626506,71.31581325301205,199.3774096385542
140,39,165.0,1.006060606060606,55.3796686746988,71.23147590361445,200.3789156626506
141,40,165.0,1.006060606060606,55.56701807228916,71.60120481927711,200.2027108433735
142,41,165.0,1.006060606060606,55.73524096385543,71.33253012048193,200.7441265060241
143,42,165.0,1.006060606060606,56.03403614457832,72.52650602409639,202.17289156626504
144,43,165.0,1.006060606060606,56.68734939759036,73.14442771084337,204.3894578313253
145,44,165.0,1.006060606060606,57.16882530120482,73.68448795180723,205.7549698795181
146,45,165.0,1.006060606060606,56.78433734939759,72.50602409638554,204.0019578313253
147,46,165.0,1.006060606060606,56.97394578313253,72.56596385542169,204.57530120481928
148,47,165.0,1.006060606060606,57.71596385542168,73.92364457831326,206.9423192771084
149,48,165.0,1.006060606060606,57.959789156626506,74.0539156626506,207.57153614457832
150,49,165.0,1.006060606060606,58.11867469879518,73.76174698795181,207.834186746988
151,50,165.0,1.006060606060606,58.41370481927711,74.5676204819277,208.61596385542168
152,51,165.0,1.006060606060606,57.60587349397591,72.95798192771085,205.11822289156623
153,52,165.0,1.006060606060606,58.97018072289157,76.2777108433735,211.8097891566265
154,53,165.0,1.006060606060606,58.23057228915663,73.53177710843373,207.1528614457832
155,54,165.0,1.006060606060606,57.401656626506025,72.7605421686747,204.78855421686748
157,3,163.0,1.0061349693251531,59.09115853658537,74.19969512195122,209.51692073170733
158,4,163.0,1.0061349693251531,61.78384146341463,77.52545731707318,218.6533536585366
159,5,163.0,1.0061349693251531,64.6422256097561,80.64939024390245,226.90579268292683
160,6,163.0,1.0061349693251531,65.15625,80.74283536585367,228.3567073170732
161,7,163.0,1.0061349693251531,65.77240853658536,82.01692073170732,230.5923780487805
162,8,163.0,1.0061349693251531,67.10381097560976,83.33155487804878,233.31204268292683
163,9,163.0,1.0061349693251531,67.99344512195123,84.23490853658537,235.4068597560976
164,10,163.0,1.0061349693251531,68.17439024390244,85.69314024390243,236.7704268292683
165,11,163.0,1.0061349693251531,68.77942073170732,86.93429878048781,237.54542682926828
166,12,163.0,1.0061349693251531,69.18262195121952,87.9608231707317,238.52454268292684
167,13,163.0,1.0061349693251531,68.9530487804878,88.00243902439024,239.00853658536585
168,14,163.0,1.0061349693251531,69.23216463414634,88.34466463414634,238.4643292682927
169,15,163.0,1.0061349693251531,68.66295731707316,86.78490853658536,237.2859756097561
170,16,163.0,1.0061349693251531,68.37942073170731,87.66768292682927,237.56753048780487
171,17,163.0,1.0061349693251531,67.83292682926829,86.96493902439025,235.70884146341464
172,18,163.0,1.0061349693251531,67.13064024390243,85.8920731707317,234.61021341463416
173,19,163.0,1.0061349693251531,66.64664634146341,85.86600609756097,233.0739329268293
174,20,163.0,1.0061349693251531,65.69024390243902,84.90518292682927,231.70442073170733
175,21,163.0,1.0061349693251531,65.31844512195121,83.66875,230.6358231707317
176,22,163.0,1.0061349693251531,63.32774390243903,81.05442073170731,224.4079268292683
177,23,163.0,1.0061349693251531,61.91920731707317,79.47835365853659,220.3612804878049
178,24,163.0,1.0061349693251531,61.57423780487805,79.3310975609756,219.48292682926828
179,25,163.0,1.0061349693251531,59.77317073170732,77.17469512195122,213.9579268292683
180,26,163.0,1.0061349693251531,58.4640243902439,76.31920731707316,210.4748475609756
181,27,163.0,1.0061349693251531,57.551829268292686,75.55381097560975,207.3782012195122
182,28,163.0,1.0061349693251531,56.59786585365854,73.40838414634146,202.66935975609755
183,29,163.0,1.0061349693251531,55.422103658536585,71.99878048780488,199.05289634146345
184,30,163.0,1.0061349693251531,54.42317073170732,71.06295731707317,196.3673780487805
185,31,163.0,1.0061349693251531,54.57591463414634,71.43262195121952,196.6591463414634
186,32,163.0,1.0061349693251531,54.59161585365854,71.09664634146341,196.5905487804878
187,33,163.0,1.0061349693251531,54.354878048780485,70.6467987804878,195.68963414634143
188,34,163.0,1.0061349693251531,54.64984756097561,71.06387195121951,196.59329268292683
189,35,163.0,1.0061349693251531,54.60701219512195,71.8984756097561,197.11753048780488
190,36,163.0,1.0061349693251531,55.15838414634146,71.78948170731708,198.7263719512195
191,37,163.0,1.0061349693251531,55.24573170731707,71.72240853658536,198.52378048780488
192,38,163.0,1.0061349693251531,55.96798780487805,73.38658536585366,201.375
193,39,163.0,1.0061349693251531,56.25762195121951,73.42271341463415,202.3182926829268
194,40,163.0,1.0061349693251531,57.34329268292683,74.95625,205.5804878048781
195,41,163.0,1.0061349693251531,57.53246951219512,74.72530487804877,206.42865853658537
196,42,163.0,1.0061349693251531,58.76798780487805,76.19481707317073,210.34115853658537
197,43,163.0,1.0061349693251531,59.88795731707317,77.38368902439025,213.7245426829268
198,44,163.0,1.0061349693251531,61.04253048780488,78.46737804878049,216.0923780487805
199,45,163.0,1.0061349693251531,61.32256097560976,79.52621951219513,218.1754573170732
200,46,163.0,1.0061349693251531,61.354573170731705,78.13993902439024,214.2783536585366
201,47,163.0,1.0061349693251531,60.36280487804878,77.40579268292683,212.175
202,48,163.0,1.0061349693251531,60.69710365853658,77.375,214.8134146341464
203,49,163.0,1.0061349693251531,60.90045731707317,77.96158536585367,215.44923780487804
204,50,163.0,1.0061349693251531,60.34832317073171,76.9922256097561,213.21753048780488
205,51,163.0,1.0061349693251531,60.93993902439024,77.7594512195122,214.732012195122
206,52,163.0,1.0061349693251531,58.87134146341464,74.68871951219512,209.21996951219512
1,3,163.0,1.0061349693251531,51.19557926829268,64.42378048780488,184.8871951219512
2,4,163.0,1.0061349693251531,52.97454268292683,66.5780487804878,190.7980182926829
3,5,163.0,1.0061349693251531,55.66875,70.3952743902439,201.0039634146341
4,6,163.0,1.0061349693251531,58.6125,73.88155487804877,210.94161585365853
5,7,163.0,1.0061349693251531,59.91524390243902,74.0217987804878,213.60274390243904
6,8,163.0,1.0061349693251531,61.6625,77.2111280487805,219.72835365853652
7,9,163.0,1.0061349693251531,64.42134146341463,80.2984756097561,225.7640243902439
8,10,163.0,1.0061349693251531,65.08414634146341,81.44314024390243,227.97088414634143
9,11,163.0,1.0061349693251531,66.78932926829269,84.47591463414633,231.62118902439025
10,12,163.0,1.0061349693251531,67.35899390243902,86.11966463414635,233.55259146341464
11,13,163.0,1.0061349693251531,68.07271341463415,86.04557926829268,234.0371951219512
12,14,163.0,1.0061349693251531,67.8266768292683,86.39451219512195,234.25228658536585
13,15,163.0,1.0061349693251531,68.40731707317073,87.70746951219512,235.1332317073171
14,16,163.0,1.0061349693251531,68.13887195121951,87.27454268292684,234.49496951219515
15,17,163.0,1.0061349693251531,67.71128048780488,85.95289634146341,233.99512195121952
16,18,163.0,1.0061349693251531,68.35121951219512,87.86829268292684,236.00503048780487
17,19,163.0,1.0061349693251531,67.78490853658536,87.3390243902439,234.48689024390245
18,20,163.0,1.0061349693251531,66.42682926829268,85.14420731707317,231.4846036585366
19,21,163.0,1.0061349693251531,66.61935975609757,85.7126524390244,232.11204268292684
20,22,163.0,1.0061349693251531,64.3282012195122,83.06814024390243,227.72301829268287
21,23,163.0,1.0061349693251531,64.02469512195123,83.01783536585366,227.4128048780488
22,24,163.0,1.0061349693251531,63.0092987804878,81.20335365853659,225.57759146341465
23,25,163.0,1.0061349693251531,62.045731707317074,78.96234756097562,221.9780487804878
24,26,163.0,1.0061349693251531,60.01753048780488,77.11753048780488,216.47835365853652
25,27,163.0,1.0061349693251531,58.65518292682927,76.29375,212.3251524390244
26,28,163.0,1.0061349693251531,56.93094512195122,73.39984756097562,206.3801829268293
27,29,163.0,1.0061349693251531,55.90807926829268,72.22957317073171,202.69481707317075
28,30,163.0,1.0061349693251531,54.88262195121951,70.38612804878049,198.58399390243903
29,31,163.0,1.0061349693251531,54.357317073170734,70.3920731707317,196.91509146341463
30,32,163.0,1.0061349693251531,52.239176829268295,67.18307926829269,189.2169207317073
31,33,163.0,1.0061349693251531,51.922865853658536,67.29710365853659,188.2879573170732
32,34,163.0,1.0061349693251531,50.40670731707317,65.14984756097562,182.3719512195122
33,35,163.0,1.0061349693251531,49.863414634146345,64.07439024390244,180.0326219512195
34,36,163.0,1.0061349693251531,51.25137195121951,65.25594512195121,184.68064024390245
35,37,163.0,1.0061349693251531,53.08201219512195,68.28048780487805,191.8390243902439
36,38,163.0,1.0061349693251531,53.885213414634144,69.58185975609756,194.6295731707317
37,39,163.0,1.0061349693251531,54.11981707317073,69.61814024390245,195.31006097560976
38,40,163.0,1.0061349693251531,55.579268292682926,71.49618902439025,200.24588414634147
39,41,163.0,1.0061349693251531,56.8984756097561,73.05503048780488,204.9580792682927
40,42,163.0,1.0061349693251531,57.95899390243903,74.04161585365854,208.5234756097561
41,43,163.0,1.0061349693251531,59.646036585365856,76.12926829268292,214.55884146341464
42,44,163.0,1.0061349693251531,60.30899390243903,76.83780487804879,216.4318597560976
43,45,163.0,1.0061349693251531,61.73216463414634,77.20640243902439,220.07682926829267
44,46,163.0,1.0061349693251531,62.64268292682927,78.5795731707317,222.96524390243903
45,47,163.0,1.0061349693251531,64.20853658536585,81.1625,226.81783536585365
46,48,163.0,1.0061349693251531,64.29862804878049,81.35609756097561,227.52789634146345
47,49,163.0,1.0061349693251531,65.41463414634147,82.38643292682927,229.4530487804878
48,50,163.0,1.0061349693251531,65.78414634146341,82.2484756097561,230.7789634146341
49,51,163.0,1.0061349693251531,65.82484756097561,81.95655487804878,230.0341463414634
50,52,163.0,1.0061349693251531,66.15304878048781,82.69435975609755,231.9885670731708
52,3,163.0,1.0061349693251531,52.65198170731707,67.89725609756097,190.9855182926829
53,4,163.0,1.0061349693251531,54.676829268292686,70.43536585365854,198.24801829268293
54,5,163.0,1.0061349693251531,56.15304878048781,71.68094512195123,202.49329268292684
55,6,163.0,1.0061349693251531,57.91051829268293,73.93323170731708,208.42088414634145
56,7,163.0,1.0061349693251531,58.84573170731707,75.29710365853659,212.15121951219515
57,8,163.0,1.0061349693251531,61.06585365853658,77.86798780487806,218.27103658536583
58,9,163.0,1.0061349693251531,62.02240853658537,78.66783536585366,220.6205792682927
59,10,163.0,1.0061349693251531,62.96798780487805,79.84405487804878,222.76875
60,11,163.0,1.0061349693251531,63.59893292682927,81.51295731707317,224.00411585365853
61,12,163.0,1.0061349693251531,64.21189024390245,82.51585365853659,225.06463414634143
62,13,163.0,1.0061349693251531,64.83963414634147,83.29512195121951,228.0094512195122
63,14,163.0,1.0061349693251531,65.22942073170732,83.9202743902439,228.13536585365853
64,15,163.0,1.0061349693251531,65.48231707317073,84.91798780487805,228.54573170731703
65,16,163.0,1.0061349693251531,65.86128048780488,85.5891768292683,230.17118902439023
66,17,163.0,1.0061349693251531,65.09085365853659,83.91875,228.125
67,18,163.0,1.0061349693251531,64.0483231707317,82.4954268292683,223.75746951219512
68,19,163.0,1.0061349693251531,64.87835365853658,84.19634146341464,226.3702743902439
69,20,163.0,1.0061349693251531,65.7454268292683,84.45274390243902,229.40518292682927
70,21,163.0,1.0061349693251531,64.89588414634146,83.74161585365853,228.275
71,22,163.0,1.0061349693251531,64.65045731707318,83.04908536585366,227.07560975609755
72,23,163.0,1.0061349693251531,64.2827743902439,82.49908536585366,227.11524390243903
73,24,163.0,1.0061349693251531,64.3609756097561,83.50045731707317,227.43978658536585
74,25,163.0,1.0061349693251531,63.18460365853659,80.93826219512195,224.0449695121951
75,26,163.0,1.0061349693251531,62.33399390243903,80.1625,223.12911585365853
76,27,163.0,1.0061349693251531,61.34131097560976,79.41036585365853,221.04740853658532
77,28,163.0,1.0061349693251531,61.208079268292686,78.98125,220.1701219512195
78,29,163.0,1.0061349693251531,60.484908536585365,78.55076219512195,219.05289634146345
79,30,163.0,1.0061349693251531,59.489786585365856,77.03551829268292,215.3879573170732
80,31,163.0,1.0061349693251531,59.42896341463415,76.34512195121951,214.68826219512195
81,32,163.0,1.0061349693251531,59.083536585365856,76.47743902439025,213.53612804878048
82,33,163.0,1.0061349693251531,58.484603658536585,75.08871951219513,211.3126524390244
83,34,163.0,1.0061349693251531,58.670274390243904,75.97698170731708,211.9199695121951
84,35,163.0,1.0061349693251531,57.31875,74.11768292682927,207.7914634146341
85,36,163.0,1.0061349693251531,57.13734756097561,73.41356707317073,207.077743902439
86,37,163.0,1.0061349693251531,57.07560975609756,73.20289634146341,206.4920731707317
87,38,163.0,1.0061349693251531,57.11615853658537,73.53414634146341,206.5109756097561
88,39,163.0,1.0061349693251531,57.83887195121951,73.33307926829268,208.0603658536585
89,40,163.0,1.0061349693251531,58.28292682926829,74.52301829268292,209.87987804878048
90,41,163.0,1.0061349693251531,58.885975609756095,75.31478658536585,211.9670731707317
91,42,163.0,1.0061349693251531,58.70670731707317,74.17256097560976,210.61768292682927
92,43,163.0,1.0061349693251531,60.25320121951219,77.52728658536586,216.67317073170733
93,44,163.0,1.0061349693251531,60.44710365853658,76.76585365853659,217.6469512195122
94,45,163.0,1.0061349693251531,61.47134146341463,77.7126524390244,219.21676829268293
95,46,163.0,1.0061349693251531,61.37820121951219,77.21310975609757,218.60503048780487
96,47,163.0,1.0061349693251531,61.323170731707314,77.00060975609756,218.34634146341463
97,48,163.0,1.0061349693251531,63.13003048780488,80.2983231707317,223.8157012195122
98,49,163.0,1.0061349693251531,62.6157012195122,79.56189024390244,222.5935975609756
99,50,163.0,1.0061349693251531,60.759451219512194,77.07911585365854,215.91875
100,51,163.0,1.0061349693251531,59.292378048780485,74.83810975609757,210.6301829268293
101,52,163.0,1.0061349693251531,61.46006097560976,77.69024390243902,219.0628048780488
102,53,163.0,1.0061349693251531,61.51219512195122,77.22896341463415,218.6370426829268
104,3,165.0,1.006060606060606,57.45527108433735,73.00105421686747,205.80707831325304
105,4,165.0,1.006060606060606,59.565813253012045,75.4835843373494,212.8171686746988
106,5,165.0,1.006060606060606,60.23629518072289,76.02424698795181,214.47123493975903
107,6,165.0,1.006060606060606,61.628915662650606,77.6578313253012,218.6859939759036
108,7,165.0,1.006060606060606,62.243975903614455,78.36521084337349,220.8045180722892
109,8,165.0,1.006060606060606,63.24487951807229,79.81099397590361,224.25572289156628
110,9,165.0,1.006060606060606,63.92816265060241,80.07439759036144,226.16265060240963
111,10,165.0,1.006060606060606,63.98930722891566,80.52756024096385,226.6058734939759
112,11,165.0,1.006060606060606,64.63659638554216,81.05813253012049,228.305421686747
113,12,165.0,1.006060606060606,65.25993975903614,82.47394578313254,230.64548192771085
114,13,165.0,1.006060606060606,64.99367469879518,82.41777108433735,230.7411144578313
115,14,165.0,1.006060606060606,65.7551204819277,83.45120481927711,232.7411144578313
116,15,165.0,1.006060606060606,65.72469879518073,83.25331325301205,232.67981927710844
117,16,165.0,1.006060606060606,66.02469879518073,84.28463855421687,234.242921686747
118,17,165.0,1.006060606060606,66.3664156626506,84.66099397590361,235.23463855421687
119,18,165.0,1.006060606060606,65.8012048192771,83.71731927710843,233.39864457831325
120,19,165.0,1.006060606060606,65.7816265060241,84.02906626506024,233.5893072289157
121,20,165.0,1.006060606060606,65.63328313253012,84.12063253012049,233.4030120481928
122,21,165.0,1.006060606060606,65.27153614457832,83.31265060240963,232.5644578313253
123,22,165.0,1.006060606060606,64.38388554216867,81.7816265060241,229.35798192771085
124,23,165.0,1.006060606060606,63.61400602409638,81.8039156626506,227.5920180722892
125,24,165.0,1.006060606060606,62.765210843373495,81.36611445783133,225.5230421686747
126,25,165.0,1.006060606060606,62.44623493975904,80.24006024096386,223.9201807228916
127,26,165.0,1.006060606060606,61.5921686746988,79.19984939759036,220.78087349397592
128,27,165.0,1.006060606060606,60.45888554216867,77.9597891566265,217.91731927710845
129,28,165.0,1.006060606060606,60.48237951807229,77.98990963855422,217.61581325301205
130,29,165.0,1.006060606060606,59.52921686746988,76.88057228915663,214.10572289156627
131,30,165.0,1.006060606060606,58.50828313253012,74.94698795180723,210.3896084337349
132,31,165.0,1.006060606060606,57.48825301204819,73.45768072289157,206.27048192771085
133,32,165.0,1.006060606060606,56.96506024096386,73.325,204.84006024096385
134,33,165.0,1.006060606060606,56.79397590361446,73.73765060240964,204.99909638554217
135,34,165.0,1.006060606060606,55.83253012048193,72.52876506024096,201.70768072289155
136,35,165.0,1.006060606060606,55.67334337349398,72.40527108433734,201.30015060240964
137,36,165.0,1.006060606060606,55.52138554216867,71.29969879518072,199.52409638554212
138,37,165.0,1.006060606060606,55.69578313253012,71.83117469879518,200.61506024096383
139,38,165.0,1.006060606060606,55.085090361445786,71.2835843373494,199.1640060240964
140,39,165.0,1.006060606060606,55.359789156626505,71.10617469879519,200.0625
141,40,165.0,1.006060606060606,55.41777108433735,71.49126506024096,199.8146084337349
142,41,165.0,1.006060606060606,55.59277108433735,71.17319277108433,200.3121987951808
143,42,165.0,1.006060606060606,55.80963855421687,72.40798192771085,201.6295180722892
144,43,165.0,1.006060606060606,56.54231927710843,73.01987951807229,203.6905120481928
145,44,165.0,1.006060606060606,57.09442771084338,73.66355421686747,205.25436746987955
146,45,165.0,1.006060606060606,56.82243975903614,72.45677710843374,203.40376506024097
147,46,165.0,1.006060606060606,56.977861445783134,72.51777108433735,204.0737951807229
148,47,165.0,1.006060606060606,57.49924698795181,73.8031626506024,206.10120481927711
149,48,165.0,1.006060606060606,57.774246987951805,73.91807228915663,207.0585843373494
150,49,165.0,1.006060606060606,57.93373493975904,73.59879518072289,207.0109939759036
151,50,165.0,1.006060606060606,58.3433734939759,74.39352409638555,208.05873493975903
152,51,165.0,1.006060606060606,57.36581325301205,72.81460843373495,204.68313253012047
153,52,165.0,1.006060606060606,58.931777108433735,76.11626506024096,211.35963855421687
154,53,165.0,1.006060606060606,58.04171686746988,73.51310240963855,206.85677710843373
155,54,165.0,1.006060606060606,57.26174698795181,72.6125,204.36596385542168
157,3,163.0,1.0061349693251531,59.0594512195122,73.94070121951219,208.9990853658537
158,4,163.0,1.0061349693251531,61.84435975609756,77.26493902439024,218.05259146341464
159,5,163.0,1.0061349693251531,64.61417682926829,80.48658536585366,226.55823170731708
160,6,163.0,1.0061349693251531,65.25381097560975,80.5545731707317,228.01646341463416
161,7,163.0,1.0061349693251531,65.8670731707317,81.82088414634147,230.35548780487804
162,8,163.0,1.0061349693251531,67.16981707317073,83.1420731707317,233.02393292682927
163,9,163.0,1.0061349693251531,68.0797256097561,84.01356707317073,235.2871951219512
164,10,163.0,1.0061349693251531,68.13429878048781,85.43018292682927,236.46173780487808
165,11,163.0,1.0061349693251531,68.68536585365854,86.70640243902439,237.2803353658537
166,12,163.0,1.0061349693251531,69.03079268292683,87.76600609756098,238.47606707317075
167,13,163.0,1.0061349693251531,69.02743902439025,87.78262195121951,238.84009146341464
168,14,163.0,1.0061349693251531,69.06951219512194,88.19283536585365,238.3346036585366
169,15,163.0,1.0061349693251531,68.66204268292682,86.60762195121951,237.18551829268293
170,16,163.0,1.0061349693251531,68.4109756097561,87.49649390243903,237.18353658536583
171,17,163.0,1.0061349693251531,67.68262195121952,86.7765243902439,235.7158536585366
172,18,163.0,1.0061349693251531,67.23536585365854,85.65060975609757,234.41356707317075
173,19,163.0,1.0061349693251531,66.65182926829269,85.58689024390245,232.8954268292683
174,20,163.0,1.0061349693251531,65.84405487804878,84.81326219512195,231.5446646341464
175,21,163.0,1.0061349693251531,65.31432926829268,83.53125,230.53353658536585
176,22,163.0,1.0061349693251531,63.19756097560976,81.02530487804879,224.3278963414634
177,23,163.0,1.0061349693251531,61.99771341463415,79.38948170731707,220.2324695121951
178,24,163.0,1.0061349693251531,61.65243902439025,79.23765243902439,219.100762195122
179,25,163.0,1.0061349693251531,59.65792682926829,77.0579268292683,213.7789634146341
180,26,163.0,1.0061349693251531,58.58048780487805,76.26326219512195,210.3740853658537
181,27,163.0,1.0061349693251531,57.46417682926829,75.55899390243903,207.1996951219512
182,28,163.0,1.0061349693251531,56.56051829268293,73.42210365853659,202.5388719512195
183,29,163.0,1.0061349693251531,55.51189024390244,71.98810975609756,198.9303353658537
184,30,163.0,1.0061349693251531,54.62591463414634,70.98948170731707,196.46021341463413
185,31,163.0,1.0061349693251531,54.74801829268293,71.33231707317073,196.68993902439024
186,32,163.0,1.0061349693251531,54.59359756097561,70.98963414634146,196.41128048780487
187,33,163.0,1.0061349693251531,54.34176829268293,70.5734756097561,195.54756097560977
188,34,163.0,1.0061349693251531,54.64649390243903,71.05121951219512,196.62926829268287
189,35,163.0,1.0061349693251531,54.65411585365854,71.8015243902439,197.07225609756097
190,36,163.0,1.0061349693251531,55.24344512195122,71.72804878048781,198.7876524390244
191,37,163.0,1.0061349693251531,55.44176829268293,71.72195121951219,198.6815548780488
192,38,163.0,1.0061349693251531,56.00015243902439,73.23628048780488,201.0689024390244
193,39,163.0,1.0061349693251531,56.2842987804878,73.41524390243903,202.600762195122
194,40,163.0,1.0061349693251531,57.58475609756098,74.85076219512194,205.5251524390244
195,41,163.0,1.0061349693251531,57.56570121951219,74.6452743902439,206.29085365853652
196,42,163.0,1.0061349693251531,58.84054878048781,76.12134146341464,210.35411585365853
197,43,163.0,1.0061349693251531,59.9702743902439,77.32408536585366,213.6371951219512
198,44,163.0,1.0061349693251531,61.139786585365854,78.43673780487805,216.1074695121951
199,45,163.0,1.0061349693251531,61.45685975609756,79.45396341463415,218.2721036585366
200,46,163.0,1.0061349693251531,61.42393292682927,78.03612804878048,214.33993902439025
201,47,163.0,1.0061349693251531,60.41859756097561,77.2060975609756,212.0137195121951
202,48,163.0,1.0061349693251531,60.57454268292683,77.21935975609756,214.609756097561
203,49,163.0,1.0061349693251531,60.896036585365856,77.91920731707317,215.33094512195123
204,50,163.0,1.0061349693251531,60.391768292682926,76.9016768292683,213.1940548780488
205,51,163.0,1.0061349693251531,60.95960365853659,77.7077743902439,214.83521341463413
206,52,163.0,1.0061349693251531,59.05,74.63963414634146,209.18368902439025
1,3,171.0,1.0058479532163742,49.83546511627907,63.00494186046512,180.4936046511628
2,4,171.0,1.0058479532163742,51.90770348837209,65.50014534883721,187.40072674418604
3,5,171.0,1.0058479532163742,54.43095930232558,69.0718023255814,196.58837209302325
4,6,171.0,1.0058479532163742,56.92761627906977,71.11366279069767,203.9497093023256
5,7,171.0,1.0058479532163742,59.315843023255816,74.39171511627907,212.45334302325583
6,8,171.0,1.0058479532163742,61.596656976744185,77.00101744186047,219.3531976744186
7,9,171.0,1.0058479532163742,63.29127906976744,79.65421511627908,223.63851744186047
8,10,171.0,1.0058479532163742,64.79113372093023,81.25741279069767,227.24578488372092
9,11,171.0,1.0058479532163742,66.49215116279069,83.63851744186047,230.81119186046516
10,12,171.0,1.0058479532163742,68.10058139534884,86.03764534883722,234.94651162790697
11,13,171.0,1.0058479532163742,68.09956395348837,86.2390988372093,233.57776162790697
12,14,171.0,1.0058479532163742,68.45930232558139,86.93226744186046,233.81787790697675
13,15,171.0,1.0058479532163742,68.18895348837209,86.57441860465116,233.0940406976744
14,16,171.0,1.0058479532163742,69.03735465116279,88.49985465116279,235.37107558139536
15,17,171.0,1.0058479532163742,67.83473837209303,86.54738372093023,233.35247093023256
16,18,171.0,1.0058479532163742,67.98938953488373,86.49215116279069,232.20363372093024
17,19,171.0,1.0058479532163742,68.38328488372093,87.92063953488372,235.7014534883721
18,20,171.0,1.0058479532163742,67.79869186046511,86.32165697674418,232.93241279069767
19,21,171.0,1.0058479532163742,66.67543604651163,85.56351744186047,232.22354651162792
20,22,171.0,1.0058479532163742,65.56598837209302,83.77848837209302,229.62252906976744
21,23,171.0,1.0058479532163742,64.37281976744185,81.825,226.83372093023252
22,24,171.0,1.0058479532163742,64.26787790697675,82.85334302325582,228.05
23,25,171.0,1.0058479532163742,62.534593023255816,79.57383720930233,223.18343023255812
24,26,171.0,1.0058479532163742,61.23764534883721,78.89912790697674,219.18997093023256
25,27,171.0,1.0058479532163742,59.35247093023256,76.31875,213.75406976744185
26,28,171.0,1.0058479532163742,57.64912790697674,74.03720930232558,208.74723837209305
27,29,171.0,1.0058479532163742,56.52441860465116,72.8156976744186,204.318023255814
28,30,171.0,1.0058479532163742,55.2640988372093,71.49011627906977,200.4563953488372
29,31,171.0,1.0058479532163742,53.36875,68.38357558139535,192.96337209302325
30,32,171.0,1.0058479532163742,51.86991279069768,67.11787790697674,188.5210755813953
31,33,171.0,1.0058479532163742,52.74040697674418,68.04273255813953,190.39476744186047
32,34,171.0,1.0058479532163742,52.20625,66.66802325581395,188.0422965116279
33,35,171.0,1.0058479532163742,51.62369186046512,65.97601744186046,185.8915697674419
34,36,171.0,1.0058479532163742,50.78328488372093,65.11293604651163,183.48561046511628
35,37,171.0,1.0058479532163742,51.68691860465116,66.3530523255814,186.90625
36,38,171.0,1.0058479532163742,52.58008720930233,67.46991279069768,190.12877906976743
37,39,171.0,1.0058479532163742,53.92936046511628,68.37107558139535,193.7843023255814
38,40,171.0,1.0058479532163742,54.30552325581395,69.33401162790697,195.8966569767442
39,41,171.0,1.0058479532163742,56.43517441860465,71.7406976744186,202.92165697674417
40,42,171.0,1.0058479532163742,57.28866279069767,72.38938953488372,205.2642441860465
41,43,171.0,1.0058479532163742,58.95087209302326,74.73851744186047,211.69447674418603
42,44,171.0,1.0058479532163742,59.50247093023256,75.33081395348837,213.5030523255814
43,45,171.0,1.0058479532163742,61.128343023255816,76.86162790697675,218.1369186046512
44,46,171.0,1.0058479532163742,62.23401162790697,77.84447674418605,220.9861918604651
45,47,171.0,1.0058479532163742,62.409593023255816,78.50363372093024,222.44665697674415
46,48,171.0,1.0058479532163742,64.65566860465117,81.13095930232558,228.01584302325583
47,49,171.0,1.0058479532163742,65.48851744186047,83.01162790697674,229.93372093023257
48,50,171.0,1.0058479532163742,63.482703488372096,79.56322674418605,223.4767441860465
49,51,171.0,1.0058479532163742,63.46366279069768,79.59462209302326,221.0885174418605
50,52,171.0,1.0058479532163742,63.841279069767445,79.98822674418605,223.884738372093
51,53,171.0,1.0058479532163742,64.36962209302325,80.0625,225.06482558139533
53,3,163.0,1.0061349693251531,52.65045731707317,67.48780487804878,190.78079268292683
54,4,163.0,1.0061349693251531,54.71707317073171,69.33018292682927,196.8358231707317
55,5,163.0,1.0061349693251531,56.708079268292686,72.43810975609756,204.25091463414637
56,6,163.0,1.0061349693251531,58.11859756097561,73.81234756097561,209.3423780487805
57,7,163.0,1.0061349693251531,58.9,75.27987804878049,211.66493902439024
58,8,163.0,1.0061349693251531,60.771189024390246,76.87332317073171,217.03216463414637
59,9,163.0,1.0061349693251531,61.46798780487805,77.90625,219.42286585365852
60,10,163.0,1.0061349693251531,62.2842987804878,79.51067073170732,221.1439024390244
61,11,163.0,1.0061349693251531,62.824085365853655,80.93048780487806,222.5185975609756
62,12,163.0,1.0061349693251531,63.75716463414634,82.80259146341463,224.63490853658536
63,13,163.0,1.0061349693251531,65.1827743902439,83.6984756097561,228.0157012195122
64,14,163.0,1.0061349693251531,64.55320121951219,84.35731707317073,227.77134146341464
65,15,163.0,1.0061349693251531,64.47118902439024,83.51631097560976,226.9176829268293
66,16,163.0,1.0061349693251531,65.26600609756098,84.40091463414635,229.13003048780487
67,17,163.0,1.0061349693251531,64.5217987804878,83.0859756097561,226.41798780487804
68,18,163.0,1.0061349693251531,64.50670731707316,84.37012195121952,227.6559451219512
69,19,163.0,1.0061349693251531,65.03231707317073,85.34817073170731,229.1454268292683
70,20,163.0,1.0061349693251531,64.18612804878049,82.66006097560975,226.14664634146345
71,21,163.0,1.0061349693251531,64.82881097560976,83.89618902439024,228.18521341463412
72,22,163.0,1.0061349693251531,64.17439024390244,83.21189024390245,226.557012195122
73,23,163.0,1.0061349693251531,64.11600609756097,82.64024390243902,226.8690548780488
74,24,163.0,1.0061349693251531,63.545274390243904,83.10106707317073,226.45060975609755
75,25,163.0,1.0061349693251531,63.18917682926829,81.46326219512196,225.02469512195125
76,26,163.0,1.0061349693251531,62.76387195121952,80.83689024390245,223.68384146341464
77,27,163.0,1.0061349693251531,61.84100609756098,79.9532012195122,221.90106707317076
78,28,163.0,1.0061349693251531,60.514939024390245,77.5452743902439,217.58246951219516
79,29,163.0,1.0061349693251531,60.864176829268295,78.74496951219513,219.43399390243903
80,30,163.0,1.0061349693251531,59.552286585365856,77.40640243902439,215.79161585365853
81,31,163.0,1.0061349693251531,58.735975609756096,76.14878048780488,213.17286585365852
82,32,163.0,1.0061349693251531,58.739939024390246,75.86676829268292,212.38490853658536
83,33,163.0,1.0061349693251531,57.797256097560975,74.09024390243903,208.64466463414635
84,34,163.0,1.0061349693251531,57.48094512195122,74.53094512195122,208.86006097560977
85,35,163.0,1.0061349693251531,57.70548780487805,74.12942073170731,208.0064024390244
86,36,163.0,1.0061349693251531,57.09344512195122,73.16128048780487,206.28216463414637
87,37,163.0,1.0061349693251531,57.08673780487805,72.80762195121952,205.3672256097561
88,38,163.0,1.0061349693251531,55.827286585365854,72.06219512195122,202.1486280487805
89,39,163.0,1.0061349693251531,55.890853658536585,72.56417682926829,202.65853658536585
90,40,163.0,1.0061349693251531,56.454878048780486,71.61676829268292,203.26646341463416
91,41,163.0,1.0061349693251531,57.71341463414634,74.44009146341463,207.72149390243905
92,42,163.0,1.0061349693251531,57.06082317073171,72.90243902439025,204.57591463414636
93,43,163.0,1.0061349693251531,57.9532012195122,73.39435975609756,207.56600609756097
94,44,163.0,1.0061349693251531,58.65731707317073,74.38399390243903,210.25960365853655
95,45,163.0,1.0061349693251531,59.136128048780485,74.84100609756098,211.50228658536585
96,46,163.0,1.0061349693251531,59.81844512195122,75.3484756097561,213.41951219512197
97,47,163.0,1.0061349693251531,60.28719512195122,74.88719512195122,213.88993902439023
98,48,163.0,1.0061349693251531,61.357774390243904,76.84878048780487,217.69314024390243
99,49,163.0,1.0061349693251531,61.15685975609756,77.1547256097561,217.45853658536583
100,50,163.0,1.0061349693251531,62.50228658536585,78.5515243902439,220.79740853658535
101,51,163.0,1.0061349693251531,62.37408536585366,78.2858231707317,220.57942073170733
102,52,163.0,1.0061349693251531,62.56707317073171,78.9452743902439,221.20259146341465
103,53,163.0,1.0061349693251531,62.1875,78.30899390243903,220.29451219512197
104,54,163.0,1.0061349693251531,62.12134146341464,78.42728658536585,220.2797256097561
106,3,165.0,1.006060606060606,57.47243975903614,72.88584337349397,205.39593373493972
107,4,165.0,1.006060606060606,59.69849397590362,75.38403614457832,212.5840361445783
108,5,165.0,1.006060606060606,60.204518072289154,75.9203313253012,214.31114457831325
109,6,165.0,1.006060606060606,61.69713855421687,77.49698795180723,218.70632530120483
110,7,165.0,1.006060606060606,62.13599397590362,78.26430722891567,220.7245481927711
111,8,165.0,1.006060606060606,63.24668674698796,79.66400602409638,224.0480421686747
112,9,165.0,1.006060606060606,63.98057228915663,79.90753012048192,225.9957831325301
113,10,165.0,1.006060606060606,64.03765060240964,80.46536144578313,226.40060240963857
114,11,165.0,1.006060606060606,64.58102409638555,81.04518072289157,228.18388554216867
115,12,165.0,1.006060606060606,65.26731927710843,82.32198795180723,230.34322289156623
116,13,165.0,1.006060606060606,65.04683734939759,82.29367469879519,230.39126506024093
117,14,165.0,1.006060606060606,65.58177710843374,83.31265060240963,232.55030120481928
118,15,165.0,1.006060606060606,65.67831325301205,82.94939759036144,232.16475903614457
119,16,165.0,1.006060606060606,66.00527108433735,84.03237951807229,233.6512048192771
120,17,165.0,1.006060606060606,66.3210843373494,84.4,234.8703313253012
121,18,165.0,1.006060606060606,65.73509036144578,83.4992469879518,232.767921686747
122,19,165.0,1.006060606060606,65.71566265060241,83.82484939759036,233.1850903614458
123,20,165.0,1.006060606060606,65.65933734939759,83.93780120481928,233.1170180722892
124,21,165.0,1.006060606060606,65.31942771084337,83.07665662650602,232.08539156626503
125,22,165.0,1.006060606060606,64.14472891566265,81.51265060240964,228.51581325301208
126,23,165.0,1.006060606060606,63.4277108433735,81.44412650602409,226.83207831325305
127,24,165.0,1.006060606060606,62.67349397590361,81.01686746987951,224.5784638554217
128,25,165.0,1.006060606060606,62.27334337349398,79.92274096385542,223.0378012048193
129,26,165.0,1.006060606060606,61.51415662650602,78.94487951807228,220.1563253012048
130,27,165.0,1.006060606060606,60.54623493975904,77.76430722891567,217.25903614457832
131,28,165.0,1.006060606060606,60.40963855421687,77.6762048192771,216.77213855421687
132,29,165.0,1.006060606060606,59.31656626506024,76.64111445783132,213.35120481927711
133,30,165.0,1.006060606060606,58.41340361445784,74.56265060240963,209.5189759036145
134,31,165.0,1.006060606060606,57.244126506024095,73.11159638554217,205.40647590361445
135,32,165.0,1.006060606060606,56.8039156626506,73.07740963855422,204.1111445783133
136,33,165.0,1.006060606060606,56.68900602409639,73.36777108433735,204.2382530120482
137,34,165.0,1.006060606060606,55.78885542168675,72.24337349397591,201.1164156626506
138,35,165.0,1.006060606060606,55.6460843373494,72.17756024096386,200.69653614457832
139,36,165.0,1.006060606060606,55.36701807228916,71.08403614457832,199.23780120481928
140,37,165.0,1.006060606060606,55.82816265060241,71.71536144578313,200.0734939759036
141,38,165.0,1.006060606060606,54.98900602409638,70.89111445783132,198.5093373493976
142,39,165.0,1.006060606060606,55.23222891566265,70.86009036144578,199.21912650602408
143,40,165.0,1.006060606060606,55.308584337349394,71.23237951807229,199.08343373493972
144,41,165.0,1.006060606060606,55.56882530120482,71.1137048192771,199.82740963855423
145,42,165.0,1.006060606060606,55.69231927710843,71.93493975903614,200.79006024096387
146,43,165.0,1.006060606060606,56.41219879518072,72.6289156626506,202.9621987951807
147,44,165.0,1.006060606060606,57.0316265060241,73.53373493975904,204.8644578313253
148,45,165.0,1.006060606060606,56.58237951807229,72.19201807228916,202.68930722891565
149,46,165.0,1.006060606060606,56.76400602409639,72.1441265060241,203.34081325301204
150,47,165.0,1.006060606060606,57.3507530120482,73.39698795180723,205.11219879518072
151,48,165.0,1.006060606060606,57.90557228915662,73.71701807228915,206.5311746987952
152,49,165.0,1.006060606060606,57.83900602409639,73.40798192771085,206.4796686746988
153,50,165.0,1.006060606060606,58.27876506024096,74.14653614457832,207.5816265060241
154,51,165.0,1.006060606060606,57.32650602409639,72.61295180722891,203.79984939759035
155,52,165.0,1.006060606060606,58.7914156626506,75.35,210.07981927710844
156,53,165.0,1.006060606060606,58.10557228915663,73.36189759036145,206.3203313253012
157,54,165.0,1.006060606060606,57.003915662650606,71.94231927710844,202.7161144578313
159,3,163.0,1.0061349693251531,58.615548780487806,73.30106707317073,207.2407012195122
160,4,163.0,1.0061349693251531,61.43109756097561,76.71920731707317,216.7498475609756
161,5,163.0,1.0061349693251531,64.22515243902438,79.72118902439024,224.9217987804878
162,6,163.0,1.0061349693251531,64.83292682926829,79.99710365853659,226.58887195121952
163,7,163.0,1.0061349693251531,65.5391768292683,81.09695121951219,228.50213414634143
164,8,163.0,1.0061349693251531,66.8,82.44024390243902,231.62103658536583
165,9,163.0,1.0061349693251531,67.58704268292684,83.26844512195122,233.87164634146345
166,10,163.0,1.0061349693251531,67.77454268292684,84.77942073170732,235.5294207317073
167,11,163.0,1.0061349693251531,68.29588414634146,86.12484756097561,236.3067073170732
168,12,163.0,1.0061349693251531,68.96158536585367,87.25182926829268,237.6440548780488
169,13,163.0,1.0061349693251531,68.86661585365853,87.2657012195122,237.69939024390243
170,14,163.0,1.0061349693251531,68.77896341463415,87.4829268292683,237.45182926829267
171,15,163.0,1.0061349693251531,68.21051829268292,86.0548780487805,235.95884146341464
172,16,163.0,1.0061349693251531,68.21143292682927,86.775,236.28658536585365
173,17,163.0,1.0061349693251531,67.38612804878049,86.17820121951219,234.4641768292683
174,18,163.0,1.0061349693251531,66.98521341463415,85.16920731707317,233.49725609756095
175,19,163.0,1.0061349693251531,66.44618902439025,85.10685975609756,231.80106707317077
176,20,163.0,1.0061349693251531,65.46006097560975,84.23185975609756,230.3740853658537
177,21,163.0,1.0061349693251531,64.89756097560975,83.04329268292683,229.3016768292683
178,22,163.0,1.0061349693251531,62.80045731707317,80.42393292682927,223.1547256097561
179,23,163.0,1.0061349693251531,61.59314024390244,78.93704268292683,218.70106707317072
180,24,163.0,1.0061349693251531,61.323628048780485,78.71463414634147,218.02896341463412
181,25,163.0,1.0061349693251531,59.71935975609756,76.5780487804878,212.5487804878049
182,26,163.0,1.0061349693251531,58.5547256097561,75.9359756097561,209.43003048780488
183,27,163.0,1.0061349693251531,57.46554878048781,75.13963414634146,206.07134146341463
184,28,163.0,1.0061349693251531,56.359603658536585,72.94939024390244,201.4314024390244
185,29,163.0,1.0061349693251531,55.26798780487805,71.60335365853659,197.83689024390245
186,30,163.0,1.0061349693251531,54.332469512195125,70.54146341463415,194.9379573170732
187,31,163.0,1.0061349693251531,54.479420731707314,70.98856707317073,195.43704268292683
188,32,163.0,1.0061349693251531,54.45182926829269,70.64451219512195,195.4420731707317
189,33,163.0,1.0061349693251531,54.042073170731705,70.26661585365854,194.50548780487804
190,34,163.0,1.0061349693251531,54.55655487804878,70.68170731707318,195.66585365853655
191,35,163.0,1.0061349693251531,54.44024390243902,71.28307926829268,195.96966463414637
192,36,163.0,1.0061349693251531,55.18414634146342,71.38475609756098,197.52759146341464
193,37,163.0,1.0061349693251531,55.135213414634144,71.3780487804878,197.32682926829267
194,38,163.0,1.0061349693251531,55.75640243902439,72.7766768292683,199.8297256097561
195,39,163.0,1.0061349693251531,56.02515243902439,72.92560975609756,200.93871951219512
196,40,163.0,1.0061349693251531,56.9780487804878,74.43429878048781,204.0283536585366
197,41,163.0,1.0061349693251531,57.359908536585365,74.14801829268292,204.91798780487804
198,42,163.0,1.0061349693251531,58.5047256097561,75.68185975609757,208.9754573170732
199,43,163.0,1.0061349693251531,59.62134146341464,76.83506097560975,212.4201219512195
200,44,163.0,1.0061349693251531,60.66021341463415,77.82301829268293,214.55121951219516
201,45,163.0,1.0061349693251531,61.21478658536585,78.9625,216.97987804878048
202,46,163.0,1.0061349693251531,61.20381097560976,77.62103658536586,213.89588414634147
203,47,163.0,1.0061349693251531,60.18048780487805,76.92225609756098,211.5800304878049
204,48,163.0,1.0061349693251531,60.66463414634146,77.08978658536586,213.0158536585366
205,49,163.0,1.0061349693251531,59.65396341463415,76.08307926829268,211.20625
206,50,163.0,1.0061349693251531,59.51417682926829,75.88048780487804,210.84481707317076
207,51,163.0,1.0061349693251531,60.4092987804878,77.04329268292683,213.32225609756097
208,52,163.0,1.0061349693251531,58.63323170731707,74.06493902439024,207.6013719512195
1,3,171.0,1.0058479532163742,49.70130813953488,62.87616279069768,179.96962209302325
2,4,171.0,1.0058479532163742,51.90668604651163,65.30203488372094,186.88023255813954
3,5,171.0,1.0058479532163742,54.349273255813955,68.89636627906977,196.08473837209303
4,6,171.0,1.0058479532163742,56.87718023255814,70.92747093023256,203.62136627906978
5,7,171.0,1.0058479532163742,59.20290697674419,74.2235465116279,212.0204941860465
6,8,171.0,1.0058479532163742,61.589825581395345,76.84098837209302,218.8329941860465
7,9,171.0,1.0058479532163742,63.14186046511628,79.48997093023256,223.20755813953488
8,10,171.0,1.0058479532163742,64.66584302325582,80.9827034883721,226.90683139534883
9,11,171.0,1.0058479532163742,66.26845930232558,83.46104651162791,230.26308139534885
10,12,171.0,1.0058479532163742,68.17834302325582,85.87921511627907,234.33459302325582
11,13,171.0,1.0058479532163742,67.95712209302326,85.96424418604651,233.0218023255814
12,14,171.0,1.0058479532163742,68.2719476744186,86.73473837209302,233.4139534883721
13,15,171.0,1.0058479532163742,68.10392441860465,86.3734011627907,232.87441860465117
14,16,171.0,1.0058479532163742,68.8702034883721,88.31744186046511,235.1110465116279
15,17,171.0,1.0058479532163742,67.76758720930232,86.42325581395349,233.00479651162792
16,18,171.0,1.0058479532163742,67.83502906976744,86.27906976744185,231.90087209302325
17,19,171.0,1.0058479532163742,68.13808139534883,87.6703488372093,235.3936046511628
18,20,171.0,1.0058479532163742,67.6045058139535,86.25392441860465,232.51976744186047
19,21,171.0,1.0058479532163742,66.46889534883721,85.35290697674418,231.80406976744186
20,22,171.0,1.0058479532163742,65.5140988372093,83.62848837209302,229.08459302325582
21,23,171.0,1.0058479532163742,64.28779069767442,81.69186046511628,226.4656976744186
22,24,171.0,1.0058479532163742,64.21540697674419,82.72892441860465,227.61191860465115
23,25,171.0,1.0058479532163742,62.513081395348834,79.45915697674418,222.81947674418603
24,26,171.0,1.0058479532163742,61.21976744186046,78.72456395348837,218.66002906976743
25,27,171.0,1.0058479532163742,59.234447674418604,76.17412790697675,213.2186046511628
26,28,171.0,1.0058479532163742,57.53546511627907,73.88997093023256,208.18938953488373
27,29,171.0,1.0058479532163742,56.41744186046512,72.66497093023256,203.82703488372093
28,30,171.0,1.0058479532163742,55.22892441860465,71.42790697674418,200.09752906976743
29,31,171.0,1.0058479532163742,53.02136627906977,67.83866279069767,191.1873546511628
30,32,171.0,1.0058479532163742,52.27427325581395,67.62950581395349,189.8845930232558
31,33,171.0,1.0058479532163742,52.613662790697674,67.84462209302326,190.16220930232558
32,34,171.0,1.0058479532163742,52.07427325581396,66.57122093023256,187.7857558139535
33,35,171.0,1.0058479532163742,51.51424418604651,65.83226744186047,185.4905523255814
34,36,171.0,1.0058479532163742,50.68270348837209,64.93023255813954,182.86831395348838
35,37,171.0,1.0058479532163742,51.54505813953488,66.28328488372092,186.39941860465117
36,38,171.0,1.0058479532163742,52.45116279069767,67.3530523255814,189.83502906976744
37,39,171.0,1.0058479532163742,53.90508720930232,68.3031976744186,193.39040697674417
38,40,171.0,1.0058479532163742,54.30261627906977,69.2280523255814,195.56351744186045
39,41,171.0,1.0058479532163742,56.33517441860465,71.60988372093023,202.44375
40,42,171.0,1.0058479532163742,57.11279069767442,72.24389534883721,204.7123546511628
41,43,171.0,1.0058479532163742,59.03968023255814,74.57747093023256,211.05581395348838
42,44,171.0,1.0058479532163742,59.50639534883721,75.17994186046512,212.94767441860466
43,45,171.0,1.0058479532163742,60.886918604651164,76.74055232558139,217.62296511627906
44,46,171.0,1.0058479532163742,61.98052325581396,77.74375,220.6390988372093
45,47,171.0,1.0058479532163742,62.40988372093023,78.3890988372093,222.02441860465117
46,48,171.0,1.0058479532163742,64.63502906976744,80.93502906976744,227.69040697674419
47,49,171.0,1.0058479532163742,65.37630813953488,82.87078488372093,229.61148255813953
48,50,171.0,1.0058479532163742,63.392296511627904,79.42747093023256,223.07761627906976
49,51,171.0,1.0058479532163742,63.462645348837206,79.37369186046512,220.58575581395348
50,52,171.0,1.0058479532163742,63.777906976744184,79.86220930232558,223.50116279069766
51,53,171.0,1.0058479532163742,64.27485465116278,79.91293604651163,225.05508720930231
53,3,163.0,1.0061349693251533,52.54954268292683,67.3170731707317,190.3717987804878
54,4,163.0,1.0061349693251533,54.60564024390244,69.17865853658536,196.3096036585366
55,5,163.0,1.0061349693251533,56.62606707317073,72.20045731707317,203.65823170731707
56,6,163.0,1.0061349693251533,58.00198170731707,73.58963414634147,208.67774390243903
57,7,163.0,1.0061349693251533,58.7577743902439,75.07606707317073,211.26432926829267
58,8,163.0,1.0061349693251533,60.670579268292684,76.70228658536585,216.5435975609756
59,9,163.0,1.0061349693251533,61.38795731707317,77.67820121951219,218.9939024390244
60,10,163.0,1.0061349693251533,62.202134146341464,79.3704268292683,220.70533536585367
61,11,163.0,1.0061349693251533,62.71615853658537,80.75167682926829,222.14725609756098
62,12,163.0,1.0061349693251533,63.58765243902439,82.64634146341463,224.28780487804877
63,13,163.0,1.0061349693251533,64.97088414634146,83.41280487804877,227.34588414634146
64,14,163.0,1.0061349693251533,64.44969512195122,84.23826219512195,227.37865853658536
65,15,163.0,1.0061349693251533,64.29710365853659,83.29862804878049,226.43673780487805
66,16,163.0,1.0061349693251533,65.15990853658536,84.21905487804878,228.9731707317073
67,17,163.0,1.0061349693251533,64.5625,82.8829268292683,226.04573170731706
68,18,163.0,1.0061349693251533,64.43658536585366,84.0861280487805,227.0814024390244
69,19,163.0,1.0061349693251533,64.95518292682927,85.19329268292682,228.73719512195123
70,20,163.0,1.0061349693251533,64.09664634146341,82.52256097560975,225.765243902439
71,21,163.0,1.0061349693251533,64.7,83.67530487804878,227.64466463414635
72,22,163.0,1.0061349693251533,64.04878048780488,82.9672256097561,226.11387195121952
73,23,163.0,1.0061349693251533,63.98079268292683,82.5015243902439,226.5109756097561
74,24,163.0,1.0061349693251533,63.41814024390244,82.90121951219513,226.08048780487806
75,25,163.0,1.0061349693251533,63.10594512195122,81.39664634146341,224.62240853658537
76,26,163.0,1.0061349693251533,62.66219512195122,80.71371951219513,223.15701219512195
77,27,163.0,1.0061349693251533,61.74329268292683,79.74146341463414,221.2766768292683
78,28,163.0,1.0061349693251533,60.41966463414634,77.38399390243903,216.99588414634147
79,29,163.0,1.0061349693251533,60.77515243902439,78.47423780487804,218.92759146341464
80,30,163.0,1.0061349693251533,59.46493902439025,77.24801829268293,215.4155487804878
81,31,163.0,1.0061349693251533,58.701676829268294,76.02271341463414,212.43079268292684
82,32,163.0,1.0061349693251533,58.610975609756096,75.71387195121952,212.01935975609757
83,33,163.0,1.0061349693251533,57.7484756097561,74.0045731707317,208.25182926829268
84,34,163.0,1.0061349693251533,57.36310975609756,74.32911585365854,208.4064024390244
85,35,163.0,1.0061349693251533,57.547256097560975,74.03826219512194,207.45106707317072
86,36,163.0,1.0061349693251533,57.09375,72.98414634146341,205.76158536585365
87,37,163.0,1.0061349693251533,56.84161585365854,72.6422256097561,205.00655487804877
88,38,163.0,1.0061349693251533,55.91219512195122,71.92210365853659,201.5951219512195
89,39,163.0,1.0061349693251533,55.917530487804875,72.46905487804878,202.38536585365853
90,40,163.0,1.0061349693251533,56.49435975609756,71.49024390243902,203.0486280487805
91,41,163.0,1.0061349693251533,57.70045731707317,74.29740853658537,207.25975609756097
92,42,163.0,1.0061349693251533,56.9092987804878,72.73536585365854,204.34253048780488
93,43,163.0,1.0061349693251533,57.87271341463415,73.2890243902439,207.1112804878049
94,44,163.0,1.0061349693251533,58.542530487804875,74.32332317073171,209.94542682926829
95,45,163.0,1.0061349693251533,58.96631097560976,74.63064024390243,210.95091463414633
96,46,163.0,1.0061349693251533,59.889786585365854,75.26798780487805,212.96631097560976
97,47,163.0,1.0061349693251533,60.2172256097561,74.86539634146341,213.54268292682926
98,48,163.0,1.0061349693251533,61.3172256097561,76.63506097560976,217.10015243902438
99,49,163.0,1.0061349693251533,60.91859756097561,76.94588414634147,217.06951219512194
100,50,163.0,1.0061349693251533,62.39771341463415,78.41051829268292,220.31737804878048
101,51,163.0,1.0061349693251533,62.40564024390244,78.17698170731707,220.26158536585365
102,52,163.0,1.0061349693251533,62.46463414634146,78.71448170731708,220.6814024390244
103,53,163.0,1.0061349693251533,62.20579268292683,78.29314024390244,220.2734756097561
104,54,163.0,1.0061349693251533,62.048323170731706,78.25213414634146,220.15990853658536
106,3,165.0,1.006060606060606,57.55632530120482,72.75376506024097,205.19111445783133
107,4,165.0,1.006060606060606,59.607680722891565,75.23539156626506,212.3156626506024
108,5,165.0,1.006060606060606,60.151807228915665,75.79819277108433,213.8340361445783
109,6,165.0,1.006060606060606,61.61415662650602,77.38177710843374,218.1168674698795
110,7,165.0,1.006060606060606,62.15813253012048,78.07289156626506,220.27319277108433
111,8,165.0,1.006060606060606,63.2085843373494,79.50843373493976,223.54683734939758
112,9,165.0,1.006060606060606,63.816114457831326,79.77123493975904,225.69894578313253
113,10,165.0,1.006060606060606,63.93960843373494,80.332078313253,225.97981927710845
114,11,165.0,1.006060606060606,64.5269578313253,80.81882530120482,227.76385542168674
115,12,165.0,1.006060606060606,65.17771084337349,82.18132530120482,230.11039156626506
116,13,165.0,1.006060606060606,64.97560240963855,82.12756024096386,229.96731927710843
117,14,165.0,1.006060606060606,65.63524096385542,83.06099397590361,232.1722891566265
118,15,165.0,1.006060606060606,65.69834337349397,82.84879518072289,231.71972891566264
119,16,165.0,1.006060606060606,65.90451807228915,83.84126506024096,233.2725903614458
120,17,165.0,1.006060606060606,66.2144578313253,84.28448795180722,234.49743975903615
121,18,165.0,1.006060606060606,65.63343373493976,83.30105421686747,232.5152108433735
122,19,165.0,1.006060606060606,65.54939759036145,83.72334337349398,232.8531626506024
123,20,165.0,1.006060606060606,65.54201807228915,83.8625,232.68313253012047
124,21,165.0,1.006060606060606,65.30376506024096,82.96957831325301,231.62906626506023
125,22,165.0,1.006060606060606,64.13192771084337,81.38222891566265,228.00301204819277
126,23,165.0,1.006060606060606,63.3703313253012,81.29834337349398,226.51069277108434
127,24,165.0,1.006060606060606,62.66460843373494,80.91882530120482,224.26942771084336
128,25,165.0,1.006060606060606,62.15075301204819,79.85120481927711,222.83388554216867
129,26,165.0,1.006060606060606,61.37319277108434,78.8855421686747,220.02093373493975
130,27,165.0,1.006060606060606,60.51822289156627,77.62243975903614,216.9703313253012
131,28,165.0,1.006060606060606,60.39849397590361,77.58463855421687,216.4409638554217
132,29,165.0,1.006060606060606,59.22228915662651,76.51039156626506,212.9789156626506
133,30,165.0,1.006060606060606,58.36355421686747,74.48403614457831,209.3188253012048
134,31,165.0,1.006060606060606,57.26686746987952,73.03012048192771,205.0688253012048
135,32,165.0,1.006060606060606,56.799397590361444,73.04789156626506,203.95316265060242
136,33,165.0,1.006060606060606,56.60828313253012,73.18298192771084,203.95210843373494
137,34,165.0,1.006060606060606,55.65,72.11927710843374,200.6667168674699
138,35,165.0,1.006060606060606,55.72966867469879,72.042921686747,200.28057228915662
139,36,165.0,1.006060606060606,55.309036144578315,70.93930722891567,198.9441265060241
140,37,165.0,1.006060606060606,55.66987951807229,71.67093373493977,199.98689759036145
141,38,165.0,1.006060606060606,54.79156626506024,70.75210843373495,197.90271084337348
142,39,165.0,1.006060606060606,55.27063253012048,70.79834337349398,198.79442771084337
143,40,165.0,1.006060606060606,55.230421686746986,71.09036144578313,198.58885542168676
144,41,165.0,1.006060606060606,55.53448795180723,71.04427710843373,199.62876506024097
145,42,165.0,1.006060606060606,55.668072289156626,71.82846385542169,200.36777108433736
146,43,165.0,1.006060606060606,56.40256024096386,72.57153614457832,202.59307228915662
147,44,165.0,1.006060606060606,56.922289156626505,73.39638554216867,204.42831325301205
148,45,165.0,1.006060606060606,56.45,72.12981927710844,202.24789156626505
149,46,165.0,1.006060606060606,56.75707831325301,72.03825301204819,203.00165662650602
150,47,165.0,1.006060606060606,57.20361445783133,73.21611445783132,204.85768072289156
151,48,165.0,1.006060606060606,57.79653614457831,73.53539156626506,206.17876506024098
152,49,165.0,1.006060606060606,57.709638554216866,73.230421686747,205.92740963855422
153,50,165.0,1.006060606060606,58.22213855421687,74.06355421686747,207.05993975903615
154,51,165.0,1.006060606060606,57.28192771084338,72.54322289156626,203.70843373493975
155,52,165.0,1.006060606060606,58.623795180722894,75.18117469879518,209.49457831325302
156,53,165.0,1.006060606060606,57.95557228915663,73.28192771084338,205.9671686746988
157,54,165.0,1.006060606060606,56.8433734939759,71.81551204819277,202.5007530120482
159,3,163.0,1.0061349693251533,58.574085365853655,73.25594512195121,207.0920731707317
160,4,163.0,1.0061349693251533,61.47103658536585,76.64405487804878,216.41432926829268
161,5,163.0,1.0061349693251533,64.25716463414633,79.56417682926829,224.62621951219512
162,6,163.0,1.0061349693251533,64.81265243902439,79.89512195121951,226.39618902439025
163,7,163.0,1.0061349693251533,65.43719512195122,81.00594512195121,228.5266768292683
164,8,163.0,1.0061349693251533,66.8467987804878,82.31753048780487,231.55121951219513
165,9,163.0,1.0061349693251533,67.63094512195121,83.25320121951219,233.70823170731708
166,10,163.0,1.0061349693251533,67.76341463414634,84.6935975609756,235.38231707317073
167,11,163.0,1.0061349693251533,68.30076219512195,86.00929878048781,236.18384146341464
168,12,163.0,1.0061349693251533,68.96234756097562,87.10807926829268,237.48201219512194
169,13,163.0,1.0061349693251533,68.93673780487805,87.20030487804878,237.6092987804878
170,14,163.0,1.0061349693251533,68.87332317073171,87.3422256097561,237.29984756097562
171,15,163.0,1.0061349693251533,68.2967987804878,85.90899390243902,235.89832317073171
172,16,163.0,1.0061349693251533,68.20091463414634,86.74893292682927,236.19100609756097
173,17,163.0,1.0061349693251533,67.47759146341464,86.10426829268293,234.4185975609756
174,18,163.0,1.0061349693251533,66.98856707317073,85.11432926829268,233.36310975609757
175,19,163.0,1.0061349693251533,66.38673780487805,85.10518292682927,231.8496951219512
176,20,163.0,1.0061349693251533,65.54009146341464,84.11493902439024,230.15396341463415
177,21,163.0,1.0061349693251533,64.86006097560976,83.01234756097561,229.18963414634146
178,22,163.0,1.0061349693251533,62.926219512195125,80.40548780487805,223.13551829268292
179,23,163.0,1.0061349693251533,61.58871951219512,78.91158536585365,218.7765243902439
180,24,163.0,1.0061349693251533,61.483231707317074,78.67926829268292,217.81478658536585
181,25,163.0,1.0061349693251533,59.823932926829265,76.54024390243903,212.55838414634147
182,26,163.0,1.0061349693251533,58.5859756097561,75.88368902439025,209.3033536585366
183,27,163.0,1.0061349693251533,57.547408536585365,75.09954268292682,205.7844512195122
184,28,163.0,1.0061349693251533,56.46935975609756,72.84603658536585,201.20701219512196
185,29,163.0,1.0061349693251533,55.28643292682927,71.59603658536585,197.66524390243902
186,30,163.0,1.0061349693251533,54.40030487804878,70.47545731707316,194.95884146341464
187,31,163.0,1.0061349693251533,54.62759146341463,70.9138719512195,195.15899390243902
188,32,163.0,1.0061349693251533,54.51295731707317,70.65548780487805,195.3141768292683
189,33,163.0,1.0061349693251533,54.10030487804878,70.22759146341464,194.40823170731707
190,34,163.0,1.0061349693251533,54.582164634146345,70.6204268292683,195.33094512195123
191,35,163.0,1.0061349693251533,54.44237804878049,71.26935975609756,195.75365853658536
192,36,163.0,1.0061349693251533,55.21280487804878,71.40716463414634,197.72576219512194
193,37,163.0,1.0061349693251533,55.141310975609755,71.31371951219512,197.5155487804878
194,38,163.0,1.0061349693251533,55.609603658536585,72.75045731707317,199.7263719512195
195,39,163.0,1.0061349693251533,55.953353658536585,72.98567073170732,200.92713414634147
196,40,163.0,1.0061349693251533,57.01814024390244,74.34771341463414,204.0422256097561
197,41,163.0,1.0061349693251533,57.43612804878049,74.08810975609757,204.93643292682927
198,42,163.0,1.0061349693251533,58.62286585365854,75.69420731707316,208.93231707317074
199,43,163.0,1.0061349693251533,59.638567073170734,76.73460365853659,212.2987804878049
200,44,163.0,1.0061349693251533,60.71341463414634,77.70823170731707,214.44786585365853
201,45,163.0,1.0061349693251533,61.292835365853655,78.87926829268292,216.96173780487806
202,46,163.0,1.0061349693251533,61.46371951219512,78.06371951219512,215.11387195121952
203,47,163.0,1.0061349693251533,60.65853658536585,77.34009146341464,213.08033536585367
204,48,163.0,1.0061349693251533,61.37210365853659,77.72057926829268,214.44466463414633
205,49,163.0,1.0061349693251533,59.984298780487805,76.16448170731708,210.52134146341464
206,50,163.0,1.0061349693251533,58.78506097560975,74.70121951219512,208.10060975609755
207,51,163.0,1.0061349693251533,59.62423780487805,75.78521341463414,210.90411585365854
208,52,163.0,1.0061349693251533,58.42484756097561,73.76905487804878,207.01875
